[
  {
    "line": 1,
    "elements": [
      {
        "before": [
          {
            "result": {
              "duration": 275800,
              "status": "passed"
            },
            "match": {
              "location": "TaggedHooksStepDefinition.setUP()"
            }
          }
        ],
        "line": 3,
        "name": "QA automation solution for Twitter Automation using BDD and Selenium",
        "description": "",
        "id": "qa-automation-solution-for-below-requirements;qa-automation-solution-for-twitter-automation-using-bdd-and-selenium",
        "after": [
          {
            "result": {
              "duration": 203600,
              "status": "passed"
            },
            "match": {
              "location": "TaggedHooksStepDefinition.tearDown()"
            }
          }
        ],
        "type": "scenario",
        "keyword": "Scenario",
        "steps": [
          {
            "result": {
              "duration": 12604561800,
              "status": "passed"
            },
            "line": 5,
            "name": "user opens twitter Login Page",
            "match": {
              "location": "twitterStepDefinition.user_opens_twitter_login_page()"
            },
            "keyword": "Given "
          },
          {
            "result": {
              "duration": 56543759100,
              "status": "passed"
            },
            "line": 7,
            "name": "user enters username and password and clicks on login button",
            "match": {
              "location": "twitterStepDefinition.user_enters_username_and_password(DataTable)"
            },
            "rows": [
              {
                "cells": [
                  "username",
                  "password",
                  "accname"
                ],
                "line": 8
              },
              {
                "cells": [
                  "qafreelance5@gmail.com",
                  "Freelance@108",
                  "automate_qa"
                ],
                "line": 9
              }
            ],
            "keyword": "When "
          },
          {
            "result": {
              "duration": 13132890000,
              "status": "passed"
            },
            "line": 11,
            "name": "Navigate profile page of logged user and upload a profile picture",
            "match": {
              "location": "twitterStepDefinition.user_clicks_on_login_button()"
            },
            "keyword": "When "
          },
          {
            "result": {
              "duration": 1036629300,
              "status": "passed"
            },
            "line": 13,
            "name": "user Update BIO field in profile section as Test Automation user",
            "match": {
              "location": "twitterStepDefinition.user_enters_bio_on_profile_page()"
            },
            "keyword": "Then "
          },
          {
            "result": {
              "duration": 570809100,
              "status": "passed"
            },
            "line": 15,
            "name": "user Update Location field in profile section as Houston, Texas",
            "match": {
              "location": "twitterStepDefinition.user_enters_Location_on_profile_page()"
            },
            "keyword": "When "
          },
          {
            "result": {
              "duration": 774632000,
              "status": "passed"
            },
            "line": 17,
            "name": "user Update Website field in profile section as twitter.com",
            "match": {
              "location": "twitterStepDefinition.user_enters_Website_on_profile_page()"
            },
            "keyword": "When "
          },
          {
            "result": {
              "duration": 6531658800,
              "status": "passed"
            },
            "line": 19,
            "name": "user Fetch BIO field ,location and website and check if the submit values got updated on the profile page",
            "match": {
              "location": "twitterStepDefinition.fetch_and_veify_user_details(DataTable)"
            },
            "rows": [
              {
                "cells": [
                  "UserBio",
                  "UserLoc",
                  "UserWebsite"
                ],
                "line": 20
              },
              {
                "cells": [
                  "Test Automation user",
                  "Houston, Texas",
                  "twitter.com"
                ],
                "line": 21
              }
            ],
            "keyword": "Then "
          },
          {
            "result": {
              "duration": 32000,
              "status": "passed"
            },
            "line": 23,
            "name": "user Opens the twitter page of The Times of India and retrieve the tweets that were published in last 2 hrs",
            "match": {
              "location": "twitterStepDefinition.user_opens_TOI_Website()"
            },
            "keyword": "Then "
          },
          {
            "result": {
              "duration": 5919669600,
              "status": "passed"
            },
            "line": 25,
            "name": "Close the browser",
            "match": {
              "location": "twitterStepDefinition.close_the_browser()"
            },
            "keyword": "Then "
          }
        ]
      }
    ],
    "name": "QA automation solution for below requirements",
    "description": "",
    "id": "qa-automation-solution-for-below-requirements",
    "keyword": "Feature",
    "uri": "src/main/java/Features/twitterAutomation.feature"
  }
]